size,model,embedding,tissue,seed,shuffled,acc,precision,recall,f1
large,transformer,hyena,Esophagus_Mucosa,17,yes,0.5555555555555556,0.5846883468834688,0.5555555555555556,0.5617283950617284
middle,transformer,hyena,Nerve_Tibial,1024,yes,0.6470588235294118,0.6469562541668803,0.6470588235294118,0.6464460784313725
small,transformer,hyena,Heart_Left_Ventricle,1024,yes,0.56,0.52,0.56,0.518095238095238
small,transformer,hyena,Nerve_Tibial,17,yes,0.6739130434782609,0.675477602108037,0.6739130434782609,0.6743773343513341
middle,transformer,hyena,Nerve_Tibial,17,yes,0.6470588235294118,0.6814195599774348,0.6470588235294118,0.6501225490196078
small,transformer,hyena,Esophagus_Mucosa,510,yes,0.6744186046511628,0.6794523306151213,0.6744186046511628,0.6754802831142568
large,transformer,hyena,Heart_Left_Ventricle,510,yes,0.5,0.5,0.5,0.4598214285714285
large,transformer,hyena,Nerve_Tibial,1024,yes,0.6283185840707964,0.6292950869697894,0.6283185840707964,0.6286102361548589
small,transformer,hyena,Nerve_Tibial,510,yes,0.5652173913043478,0.5705685618729097,0.5652173913043478,0.5635704874835309
middle,transformer,hyena,Heart_Left_Ventricle,1024,yes,0.6538461538461539,0.657051282051282,0.6538461538461539,0.627666451195863
middle,transformer,hyena,Esophagus_Mucosa,1024,yes,0.5384615384615384,0.5587590819974628,0.5384615384615384,0.5455512229705778
large,transformer,hyena,Heart_Left_Ventricle,17,yes,0.7045454545454546,0.4963842975206612,0.7045454545454546,0.5824242424242424
small,transformer,hyena,Nerve_Tibial,1024,yes,0.6086956521739131,0.6086956521739131,0.6086956521739131,0.6086956521739131
large,transformer,hyena,Nerve_Tibial,510,yes,0.6194690265486725,0.6300379266750948,0.6194690265486725,0.6188131956504407
middle,transformer,hyena,Nerve_Tibial,510,yes,0.6470588235294118,0.6475694444444444,0.6470588235294118,0.6467532467532467
large,transformer,hyena,Nerve_Tibial,17,yes,0.672566371681416,0.6762259631379333,0.672566371681416,0.6730798722355109
middle,transformer,hyena,Heart_Left_Ventricle,17,yes,0.7307692307692307,0.7836538461538461,0.7307692307692307,0.7287749287749287
middle,transformer,hyena,Esophagus_Mucosa,510,yes,0.6923076923076923,0.6987660016145774,0.6923076923076923,0.6913960113960115
large,transformer,hyena,Esophagus_Mucosa,1024,yes,0.4691358024691358,0.5062031728698396,0.4691358024691358,0.4754817652901945
small,transformer,hyena,Esophagus_Mucosa,1024,yes,0.6511627906976745,0.722659511031604,0.6511627906976745,0.6384638078990238
middle,transformer,hyena,Heart_Left_Ventricle,510,yes,0.6923076923076923,0.6932692307692307,0.6923076923076923,0.6885780885780886
small,transformer,hyena,Esophagus_Mucosa,17,yes,0.5116279069767442,0.540033222591362,0.5116279069767442,0.5020363110417538
large,transformer,hyena,Heart_Left_Ventricle,1024,yes,0.6136363636363636,0.766384778012685,0.6136363636363636,0.488384994105818
small,transformer,hyena,Heart_Left_Ventricle,17,yes,0.68,0.7044444444444444,0.68,0.6737662337662337
small,transformer,hyena,Heart_Left_Ventricle,510,yes,0.6,0.6982456140350877,0.6,0.5733333333333333
middle,transformer,hyena,Esophagus_Mucosa,17,yes,0.6923076923076923,0.6987660016145774,0.6923076923076923,0.6913960113960115
large,transformer,hyena,Esophagus_Mucosa,510,yes,0.6172839506172839,0.6240012268997777,0.6172839506172839,0.6198093353893301
large,transformer,hyena,Esophagus_Mucosa,17,no,0.5657894736842105,0.5714546783625731,0.5657894736842105,0.5661654135338345
middle,transformer,hyena,Nerve_Tibial,1024,no,0.5151515151515151,0.5452214452214452,0.5151515151515151,0.5124777183600714
small,transformer,hyena,Heart_Left_Ventricle,1024,no,0.631578947368421,0.7748538011695907,0.631578947368421,0.5327687033676145
small,transformer,hyena,Nerve_Tibial,17,no,0.490566037735849,0.4893355209187859,0.490566037735849,0.4883772774253693
middle,transformer,hyena,Nerve_Tibial,17,no,0.5909090909090909,0.6082111436950146,0.5909090909090909,0.5928853754940712
small,transformer,hyena,Esophagus_Mucosa,510,no,0.6170212765957447,0.6301264261486278,0.6170212765957447,0.619110251450677
large,transformer,hyena,Heart_Left_Ventricle,510,no,0.6,0.36,0.6,0.45
large,transformer,hyena,Nerve_Tibial,1024,no,0.5773195876288659,0.5800438692695766,0.5773195876288659,0.5781313071874576
small,transformer,hyena,Nerve_Tibial,510,no,0.5094339622641509,0.5087833441769681,0.5094339622641509,0.5083827493261455
middle,transformer,hyena,Heart_Left_Ventricle,1024,no,0.5666666666666667,0.562962962962963,0.5666666666666667,0.5641904761904761
middle,transformer,hyena,Esophagus_Mucosa,1024,no,0.5,0.578125,0.5,0.5137254901960785
large,transformer,hyena,Heart_Left_Ventricle,17,no,0.5,0.554945054945055,0.5,0.493734335839599
small,transformer,hyena,Nerve_Tibial,1024,no,0.5283018867924528,0.5275999550763701,0.5283018867924528,0.5231987698085991
large,transformer,hyena,Nerve_Tibial,510,no,0.5773195876288659,0.5821849358300022,0.5773195876288659,0.5782195778606792
middle,transformer,hyena,Nerve_Tibial,510,no,0.5909090909090909,0.6023875114784206,0.5909090909090909,0.5932705022984402
large,transformer,hyena,Nerve_Tibial,17,no,0.5773195876288659,0.5821849358300022,0.5773195876288659,0.5782195778606792
middle,transformer,hyena,Heart_Left_Ventricle,17,no,0.5666666666666667,0.5708333333333333,0.5666666666666667,0.5681257014590348
middle,transformer,hyena,Esophagus_Mucosa,510,no,0.5517241379310345,0.5517241379310345,0.5517241379310345,0.5517241379310345
large,transformer,hyena,Esophagus_Mucosa,1024,no,0.5657894736842105,0.5744324045407637,0.5657894736842105,0.5652631578947368
small,transformer,hyena,Esophagus_Mucosa,1024,no,0.5957446808510638,0.5891113892365457,0.5957446808510638,0.5899942495687177
middle,transformer,hyena,Heart_Left_Ventricle,510,no,0.5,0.5133928571428571,0.5,0.5016685205784205
small,transformer,hyena,Esophagus_Mucosa,17,no,0.7021276595744681,0.6996820738566887,0.7021276595744681,0.6996080627099664
large,transformer,hyena,Heart_Left_Ventricle,1024,no,0.475,0.4693333333333333,0.475,0.471889400921659
small,transformer,hyena,Heart_Left_Ventricle,17,no,0.631578947368421,0.6265664160401002,0.631578947368421,0.627307398932113
small,transformer,hyena,Heart_Left_Ventricle,510,no,0.631578947368421,0.6265664160401002,0.631578947368421,0.627307398932113
middle,transformer,hyena,Esophagus_Mucosa,17,no,0.5689655172413793,0.5630747126436783,0.5689655172413793,0.565868793280404
large,transformer,hyena,Esophagus_Mucosa,510,no,0.5526315789473685,0.5660252782493869,0.5526315789473685,0.5495248538011696
middle,transformer,dnabert,Esophagus_Mucosa,17,yes,0.7115384615384616,0.7131096028154852,0.7115384615384616,0.7053962297864736
small,transformer,dnabert,Esophagus_Mucosa,510,yes,0.6511627906976745,0.6479254756871036,0.6511627906976745,0.6304815768370404
large,transformer,dnabert,Heart_Left_Ventricle,17,yes,0.5909090909090909,0.5231259968102072,0.5909090909090909,0.5289256198347108
middle,transformer,dnabert,Esophagus_Mucosa,510,yes,0.5192307692307693,0.540825740975666,0.5192307692307693,0.5204758245823728
small,transformer,dnabert,Esophagus_Mucosa,1024,yes,0.6046511627906976,0.6035801713586292,0.6046511627906976,0.6037884266483969
large,transformer,dnabert,Nerve_Tibial,1024,yes,0.5575221238938053,0.5600896937744989,0.5575221238938053,0.5543834882656877
middle,transformer,dnabert,Heart_Left_Ventricle,17,yes,0.6538461538461539,0.6568047337278107,0.6538461538461539,0.6543589743589743
small,transformer,dnabert,Nerve_Tibial,510,yes,0.6086956521739131,0.6138443935926773,0.6086956521739131,0.56152950310559
large,transformer,dnabert,Esophagus_Mucosa,17,yes,0.6172839506172839,0.6139298311917359,0.6172839506172839,0.6147585658452378
middle,transformer,dnabert,Heart_Left_Ventricle,510,yes,0.5,0.5486111111111112,0.5,0.4842578710644677
middle,transformer,dnabert,Esophagus_Mucosa,1024,yes,0.5769230769230769,0.6923076923076923,0.5769230769230769,0.5476781283232897
large,transformer,dnabert,Heart_Left_Ventricle,1024,yes,0.5909090909090909,0.3491735537190083,0.5909090909090909,0.438961038961039
middle,transformer,dnabert,Heart_Left_Ventricle,1024,yes,0.4230769230769231,0.3916666666666666,0.4230769230769231,0.3779904306220095
small,transformer,dnabert,Esophagus_Mucosa,17,yes,0.5581395348837209,0.5363840960240059,0.5581395348837209,0.5448254719046993
small,transformer,dnabert,Nerve_Tibial,17,yes,0.5652173913043478,0.5605590062111802,0.5652173913043478,0.5618272734977541
small,transformer,dnabert,Nerve_Tibial,1024,yes,0.6086956521739131,0.6086956521739131,0.6086956521739131,0.6086956521739131
small,transformer,dnabert,Heart_Left_Ventricle,17,yes,0.68,0.6679365079365078,0.68,0.6694117647058824
middle,transformer,dnabert,Nerve_Tibial,510,yes,0.5147058823529411,0.6286764705882353,0.5147058823529411,0.3993795773662359
middle,transformer,dnabert,Nerve_Tibial,17,yes,0.5588235294117647,0.5657439446366782,0.5588235294117647,0.5603553921568628
large,transformer,dnabert,Nerve_Tibial,510,yes,0.5663716814159292,0.569948100339344,0.5663716814159292,0.567051722690271
large,transformer,dnabert,Nerve_Tibial,17,yes,0.5398230088495575,0.5364451385273874,0.5398230088495575,0.5354208054903378
large,transformer,dnabert,Heart_Left_Ventricle,510,yes,0.3863636363636363,0.3635235732009926,0.3863636363636363,0.3595687331536388
middle,transformer,dnabert,Nerve_Tibial,1024,yes,0.5147058823529411,0.5102941176470589,0.5147058823529411,0.4861591695501731
small,transformer,dnabert,Heart_Left_Ventricle,1024,yes,0.64,0.7387012987012986,0.64,0.665668449197861
large,transformer,dnabert,Esophagus_Mucosa,510,yes,0.6172839506172839,0.612321471798596,0.6172839506172839,0.6124279182698427
large,transformer,dnabert,Esophagus_Mucosa,1024,yes,0.5185185185185185,0.5190625141665532,0.5185185185185185,0.5180779376295619
small,transformer,dnabert,Heart_Left_Ventricle,510,yes,0.72,0.8090909090909091,0.72,0.6711018711018711
large,transformer,dnabert,Esophagus_Mucosa,17,no,0.5789473684210527,0.5833242149031622,0.5789473684210527,0.5795309479520006
middle,transformer,dnabert,Nerve_Tibial,1024,no,0.5909090909090909,0.5828660722492875,0.5909090909090909,0.5834818775995246
small,transformer,dnabert,Heart_Left_Ventricle,1024,no,0.6842105263157895,0.6815114709851552,0.6842105263157895,0.674812030075188
small,transformer,dnabert,Nerve_Tibial,17,no,0.660377358490566,0.66177897574124,0.660377358490566,0.6601354620222545
middle,transformer,dnabert,Nerve_Tibial,17,no,0.5303030303030303,0.5191960045347305,0.5303030303030303,0.5217754890957504
small,transformer,dnabert,Esophagus_Mucosa,510,no,0.5319148936170213,0.552022445639467,0.5319148936170213,0.5331868640148011
large,transformer,dnabert,Heart_Left_Ventricle,510,no,0.45,0.6166666666666667,0.45,0.3593406593406593
large,transformer,dnabert,Nerve_Tibial,1024,no,0.5154639175257731,0.5486809246334123,0.5154639175257731,0.4942889548916979
small,transformer,dnabert,Nerve_Tibial,510,no,0.5283018867924528,0.5280053908355795,0.5283018867924528,0.5279655601520196
middle,transformer,dnabert,Heart_Left_Ventricle,1024,no,0.5,0.5133928571428571,0.5,0.5016685205784205
middle,transformer,dnabert,Esophagus_Mucosa,1024,no,0.5344827586206896,0.6142241379310345,0.5344827586206896,0.5472616632860041
large,transformer,dnabert,Heart_Left_Ventricle,17,no,0.4,0.16,0.4,0.2285714285714285
small,transformer,dnabert,Nerve_Tibial,1024,no,0.6037735849056604,0.6094982183538757,0.6037735849056604,0.5956902773481803
large,transformer,dnabert,Nerve_Tibial,510,no,0.5670103092783505,0.5654393716249386,0.5670103092783505,0.5659847092357283
middle,transformer,dnabert,Nerve_Tibial,510,no,0.4696969696969697,0.4767769864544057,0.4696969696969697,0.4722826125194363
large,transformer,dnabert,Nerve_Tibial,17,no,0.5257731958762887,0.53377390078421,0.5257731958762887,0.5261764499614279
middle,transformer,dnabert,Heart_Left_Ventricle,17,no,0.6333333333333333,0.6372023809523809,0.6333333333333333,0.6345679012345679
middle,transformer,dnabert,Esophagus_Mucosa,510,no,0.6724137931034483,0.6600985221674878,0.6724137931034483,0.6644407954752782
large,transformer,dnabert,Esophagus_Mucosa,1024,no,0.5921052631578947,0.5930190058479532,0.5921052631578947,0.5924598925587312
small,transformer,dnabert,Esophagus_Mucosa,1024,no,0.5531914893617021,0.5561530667913647,0.5531914893617021,0.5544251990091157
middle,transformer,dnabert,Heart_Left_Ventricle,510,no,0.5666666666666667,0.5944444444444444,0.5666666666666667,0.564256581386726
small,transformer,dnabert,Esophagus_Mucosa,17,no,0.5106382978723404,0.533806146572104,0.5106382978723404,0.5106382978723404
large,transformer,dnabert,Heart_Left_Ventricle,1024,no,0.6,0.36,0.6,0.45
small,transformer,dnabert,Heart_Left_Ventricle,17,no,0.6842105263157895,0.7029239766081871,0.6842105263157895,0.6859649122807017
small,transformer,dnabert,Heart_Left_Ventricle,510,no,0.6842105263157895,0.7017543859649122,0.6842105263157895,0.6558704453441295
middle,transformer,dnabert,Esophagus_Mucosa,17,no,0.6724137931034483,0.452140309155767,0.6724137931034483,0.5407038748666904
large,transformer,dnabert,Esophagus_Mucosa,510,no,0.5921052631578947,0.6155231829573935,0.5921052631578947,0.585623960372382
large,transformer,NT,Esophagus_Mucosa,17,yes,0.5925925925925926,0.7649572649572649,0.5925925925925926,0.4748801334167188
middle,transformer,NT,Nerve_Tibial,1024,yes,0.6176470588235294,0.6131053351573188,0.6176470588235294,0.6148459383753502
small,transformer,NT,Heart_Left_Ventricle,1024,yes,0.6,0.36,0.6,0.45
small,transformer,NT,Nerve_Tibial,17,yes,0.5217391304347826,0.5181795067378592,0.5217391304347826,0.5189799331103678
middle,transformer,NT,Nerve_Tibial,17,yes,0.5441176470588235,0.5474418604651162,0.5441176470588235,0.535989434294519
small,transformer,NT,Esophagus_Mucosa,510,yes,0.4186046511627907,0.1752298539751217,0.4186046511627907,0.2470453678993518
large,transformer,NT,Heart_Left_Ventricle,510,yes,0.6363636363636364,0.6435606060606062,0.6363636363636364,0.6386602870813397
large,transformer,NT,Nerve_Tibial,1024,yes,0.5309734513274337,0.531684259160536,0.5309734513274337,0.5035793266657067
small,transformer,NT,Nerve_Tibial,510,yes,0.5434782608695652,0.5426915113871635,0.5434782608695652,0.5428282536472627
middle,transformer,NT,Heart_Left_Ventricle,1024,yes,0.5,0.25,0.5,0.3333333333333333
middle,transformer,NT,Esophagus_Mucosa,1024,yes,0.5384615384615384,0.522938322938323,0.5384615384615384,0.5178505704821494
large,transformer,NT,Heart_Left_Ventricle,17,yes,0.5227272727272727,0.2732438016528925,0.5227272727272727,0.3588873812754409
small,transformer,NT,Nerve_Tibial,1024,yes,0.6304347826086957,0.6626254180602007,0.6304347826086957,0.6316579299002981
large,transformer,NT,Nerve_Tibial,510,yes,0.5309734513274337,0.2819328060145665,0.5309734513274337,0.3683052841577574
middle,transformer,NT,Nerve_Tibial,510,yes,0.4705882352941176,0.4764705882352941,0.4705882352941176,0.4669117647058823
large,transformer,NT,Nerve_Tibial,17,yes,0.4247787610619469,0.41805483255249,0.4247787610619469,0.4206188645971478
middle,transformer,NT,Heart_Left_Ventricle,17,yes,0.5,0.25,0.5,0.3333333333333333
middle,transformer,NT,Esophagus_Mucosa,510,yes,0.6153846153846154,0.378698224852071,0.6153846153846154,0.4688644688644688
large,transformer,NT,Esophagus_Mucosa,1024,yes,0.5185185185185185,0.2688614540466392,0.5185185185185185,0.3541102077687443
small,transformer,NT,Esophagus_Mucosa,1024,yes,0.6744186046511628,0.4548404542996214,0.6744186046511628,0.5432816537467701
middle,transformer,NT,Heart_Left_Ventricle,510,yes,0.6153846153846154,0.6153846153846154,0.6153846153846154,0.6153846153846154
small,transformer,NT,Esophagus_Mucosa,17,yes,0.4651162790697674,0.4594638242894056,0.4651162790697674,0.4620580531067587
large,transformer,NT,Heart_Left_Ventricle,1024,yes,0.4545454545454545,0.4696969696969697,0.4545454545454545,0.4373205741626794
small,transformer,NT,Heart_Left_Ventricle,17,yes,0.56,0.3136,0.56,0.402051282051282
small,transformer,NT,Heart_Left_Ventricle,510,yes,0.52,0.52,0.52,0.52
middle,transformer,NT,Esophagus_Mucosa,17,yes,0.5192307692307693,0.2696005917159763,0.5192307692307693,0.3549172346640701
large,transformer,NT,Esophagus_Mucosa,510,yes,0.5555555555555556,0.3086419753086419,0.5555555555555556,0.3968253968253968
large,transformer,NT,Esophagus_Mucosa,17,no,0.4473684210526316,0.4233506300963676,0.4473684210526316,0.3249643797763482
middle,transformer,NT,Nerve_Tibial,1024,no,0.5757575757575758,0.3314967860422406,0.5757575757575758,0.4207459207459207
small,transformer,NT,Heart_Left_Ventricle,1024,no,0.5789473684210527,0.335180055401662,0.5789473684210527,0.4245614035087719
small,transformer,NT,Nerve_Tibial,17,no,0.5094339622641509,0.2595229619081524,0.5094339622641509,0.3438679245283019
middle,transformer,NT,Nerve_Tibial,17,no,0.5757575757575758,0.3314967860422406,0.5757575757575758,0.4207459207459207
small,transformer,NT,Esophagus_Mucosa,510,no,0.574468085106383,0.3300135808057945,0.574468085106383,0.4192064404830362
large,transformer,NT,Heart_Left_Ventricle,510,no,0.55,0.5958333333333333,0.55,0.55
large,transformer,NT,Nerve_Tibial,1024,no,0.5463917525773195,0.5366979535313126,0.5463917525773195,0.529943345407263
small,transformer,NT,Nerve_Tibial,510,no,0.5094339622641509,0.2595229619081524,0.5094339622641509,0.3438679245283019
middle,transformer,NT,Heart_Left_Ventricle,1024,no,0.5666666666666667,0.321111111111111,0.5666666666666667,0.4099290780141844
middle,transformer,NT,Esophagus_Mucosa,1024,no,0.6724137931034483,0.452140309155767,0.6724137931034483,0.5407038748666904
large,transformer,NT,Heart_Left_Ventricle,17,no,0.4,0.16,0.4,0.2285714285714285
small,transformer,NT,Nerve_Tibial,1024,no,0.5094339622641509,0.2595229619081524,0.5094339622641509,0.3438679245283019
large,transformer,NT,Nerve_Tibial,510,no,0.4432989690721649,0.4503128028901225,0.4432989690721649,0.4437723543025458
middle,transformer,NT,Nerve_Tibial,510,no,0.5757575757575758,0.3314967860422406,0.5757575757575758,0.4207459207459207
large,transformer,NT,Nerve_Tibial,17,no,0.5670103092783505,0.5597532603359586,0.5670103092783505,0.54729311024731
middle,transformer,NT,Heart_Left_Ventricle,17,no,0.5666666666666667,0.321111111111111,0.5666666666666667,0.4099290780141844
middle,transformer,NT,Esophagus_Mucosa,510,no,0.6724137931034483,0.452140309155767,0.6724137931034483,0.5407038748666904
large,transformer,NT,Esophagus_Mucosa,1024,no,0.4605263157894737,0.212084487534626,0.4605263157894737,0.2904220009483167
small,transformer,NT,Esophagus_Mucosa,1024,no,0.574468085106383,0.3300135808057945,0.574468085106383,0.4192064404830362
middle,transformer,NT,Heart_Left_Ventricle,510,no,0.4333333333333333,0.4518518518518518,0.4333333333333333,0.4301816833518724
small,transformer,NT,Esophagus_Mucosa,17,no,0.5319148936170213,0.5447116867098366,0.5319148936170213,0.534468085106383
large,transformer,NT,Heart_Left_Ventricle,1024,no,0.4,0.16,0.4,0.2285714285714285
small,transformer,NT,Heart_Left_Ventricle,17,no,0.5789473684210527,0.5668016194331984,0.5789473684210527,0.5664160401002506
small,transformer,NT,Heart_Left_Ventricle,510,no,0.4736842105263157,0.4900584795321638,0.4736842105263157,0.4766081871345029
middle,transformer,NT,Esophagus_Mucosa,17,no,0.6724137931034483,0.452140309155767,0.6724137931034483,0.5407038748666904
large,transformer,NT,Esophagus_Mucosa,510,no,0.5,0.652112676056338,0.5,0.3892534864643149
large,transformer,gpn,Esophagus_Mucosa,17,yes,0.5185185185185185,0.5666539827498731,0.5185185185185185,0.4266918173365708
middle,transformer,gpn,Nerve_Tibial,1024,yes,0.5588235294117647,0.5588235294117647,0.5588235294117647,0.5588235294117647
small,transformer,gpn,Heart_Left_Ventricle,1024,yes,0.64,0.6519999999999999,0.64,0.6365217391304349
small,transformer,gpn,Nerve_Tibial,17,yes,0.6304347826086957,0.6306818181818182,0.6304347826086957,0.6302600472813239
middle,transformer,gpn,Nerve_Tibial,17,yes,0.5882352941176471,0.615916955017301,0.5882352941176471,0.5940144478844168
small,transformer,gpn,Esophagus_Mucosa,510,yes,0.6744186046511628,0.6779964221824687,0.6744186046511628,0.661983204134367
large,transformer,gpn,Heart_Left_Ventricle,510,yes,0.6590909090909091,0.6564666270548624,0.6590909090909091,0.6574369027199215
large,transformer,gpn,Nerve_Tibial,1024,yes,0.584070796460177,0.532707136572996,0.584070796460177,0.5303491904391368
small,transformer,gpn,Nerve_Tibial,510,yes,0.6086956521739131,0.598971482000935,0.6086956521739131,0.5991710027339272
middle,transformer,gpn,Heart_Left_Ventricle,1024,yes,0.6153846153846154,0.6272189349112426,0.6153846153846154,0.6176739926739927
middle,transformer,gpn,Esophagus_Mucosa,1024,yes,0.4807692307692308,0.5029585798816568,0.4807692307692308,0.4476011793084964
large,transformer,gpn,Heart_Left_Ventricle,17,yes,0.5454545454545454,0.5439234449760766,0.5454545454545454,0.5435606060606061
small,transformer,gpn,Nerve_Tibial,1024,yes,0.5652173913043478,0.5836627140974966,0.5652173913043478,0.5702341137123746
large,transformer,gpn,Nerve_Tibial,510,yes,0.4778761061946903,0.4741228635033945,0.4778761061946903,0.4650380257202487
middle,transformer,gpn,Nerve_Tibial,510,yes,0.6470588235294118,0.6533290823104309,0.6470588235294118,0.649644473173885
large,transformer,gpn,Nerve_Tibial,17,yes,0.5486725663716814,0.5683554948528085,0.5486725663716814,0.5486725663716814
middle,transformer,gpn,Heart_Left_Ventricle,17,yes,0.7307692307692307,0.7971611721611721,0.7307692307692307,0.7368238957444354
middle,transformer,gpn,Esophagus_Mucosa,510,yes,0.4230769230769231,0.1789940828402367,0.4230769230769231,0.2515592515592516
large,transformer,gpn,Esophagus_Mucosa,1024,yes,0.5185185185185185,0.5782975958414555,0.5185185185185185,0.5013786422237126
small,transformer,gpn,Esophagus_Mucosa,1024,yes,0.5581395348837209,0.5616585067319462,0.5581395348837209,0.5596018419938686
middle,transformer,gpn,Heart_Left_Ventricle,510,yes,0.6153846153846154,0.6452214452214453,0.6153846153846154,0.6153846153846154
small,transformer,gpn,Esophagus_Mucosa,17,yes,0.5581395348837209,0.5606673407482305,0.5581395348837209,0.559103769395704
large,transformer,gpn,Heart_Left_Ventricle,1024,yes,0.6136363636363636,0.6154714850367025,0.6136363636363636,0.6142378638486578
small,transformer,gpn,Heart_Left_Ventricle,17,yes,0.68,0.4624,0.68,0.5504761904761906
small,transformer,gpn,Heart_Left_Ventricle,510,yes,0.6,0.657142857142857,0.6,0.5470588235294118
middle,transformer,gpn,Esophagus_Mucosa,17,yes,0.4807692307692308,0.4792663476874003,0.4807692307692308,0.4711864406779661
large,transformer,gpn,Esophagus_Mucosa,510,yes,0.5308641975308642,0.5283469376422899,0.5308641975308642,0.5078614097968936
large,transformer,gpn,Esophagus_Mucosa,17,no,0.4868421052631579,0.4681242247031721,0.4868421052631579,0.4634349030470913
middle,transformer,gpn,Nerve_Tibial,1024,no,0.5757575757575758,0.5464320625610948,0.5757575757575758,0.4675757575757576
small,transformer,gpn,Heart_Left_Ventricle,1024,no,0.5789473684210527,0.335180055401662,0.5789473684210527,0.4245614035087719
small,transformer,gpn,Nerve_Tibial,17,no,0.5660377358490566,0.6854676836611803,0.5660377358490566,0.4903780633943466
middle,transformer,gpn,Nerve_Tibial,17,no,0.6060606060606061,0.5963109354413704,0.6060606060606061,0.591991341991342
small,transformer,gpn,Esophagus_Mucosa,510,no,0.5957446808510638,0.5839510927120439,0.5957446808510638,0.5760640940271216
large,transformer,gpn,Heart_Left_Ventricle,510,no,0.55,0.5595959595959596,0.55,0.553452685421995
large,transformer,gpn,Nerve_Tibial,1024,no,0.5567010309278351,0.594450428271016,0.5567010309278351,0.5412074600995231
small,transformer,gpn,Nerve_Tibial,510,no,0.5471698113207547,0.5480862533692722,0.5471698113207547,0.5468472826963393
middle,transformer,gpn,Heart_Left_Ventricle,1024,no,0.5,0.5133928571428571,0.5,0.5016685205784205
middle,transformer,gpn,Esophagus_Mucosa,1024,no,0.7241379310344828,0.7441769681197137,0.7241379310344828,0.6646676661669166
large,transformer,gpn,Heart_Left_Ventricle,17,no,0.6,0.6199999999999999,0.6,0.604040404040404
small,transformer,gpn,Nerve_Tibial,1024,no,0.5283018867924528,0.5384688934217235,0.5283018867924528,0.5091484012063213
large,transformer,gpn,Nerve_Tibial,510,no,0.6597938144329897,0.6712524977453979,0.6597938144329897,0.6597938144329897
middle,transformer,gpn,Nerve_Tibial,510,no,0.5757575757575758,0.5599747474747474,0.5757575757575758,0.5543095259981003
large,transformer,gpn,Nerve_Tibial,17,no,0.5773195876288659,0.5821849358300022,0.5773195876288659,0.5782195778606792
middle,transformer,gpn,Heart_Left_Ventricle,17,no,0.5333333333333333,0.5250398724082934,0.5333333333333333,0.5268518518518519
middle,transformer,gpn,Esophagus_Mucosa,510,no,0.6379310344827587,0.5617816091954023,0.6379310344827587,0.569655172413793
large,transformer,gpn,Esophagus_Mucosa,1024,no,0.5,0.5304709141274238,0.5,0.4681159420289854
small,transformer,gpn,Esophagus_Mucosa,1024,no,0.5531914893617021,0.5449311639549437,0.5531914893617021,0.5468357495233195
middle,transformer,gpn,Heart_Left_Ventricle,510,no,0.6,0.6246913580246913,0.6,0.5204545454545454
small,transformer,gpn,Esophagus_Mucosa,17,no,0.5957446808510638,0.6227738376674546,0.5957446808510638,0.5957446808510638
large,transformer,gpn,Heart_Left_Ventricle,1024,no,0.6,0.6090909090909091,0.6,0.6030690537084399
small,transformer,gpn,Heart_Left_Ventricle,17,no,0.5263157894736842,0.5181704260651628,0.5263157894736842,0.5208237986270023
small,transformer,gpn,Heart_Left_Ventricle,510,no,0.5789473684210527,0.5789473684210527,0.5789473684210527,0.5789473684210527
middle,transformer,gpn,Esophagus_Mucosa,17,no,0.6724137931034483,0.452140309155767,0.6724137931034483,0.5407038748666904
large,transformer,gpn,Esophagus_Mucosa,510,no,0.5,0.5221493027071369,0.5,0.4808238636363637
large,transformer,enformer-pca,Esophagus_Mucosa,17,yes,0.6,0.36,0.6,0.45
middle,transformer,enformer-pca,Nerve_Tibial,1024,yes,0.5074626865671642,0.2575183782579639,0.5074626865671642,0.3416580464016551
small,transformer,enformer-pca,Heart_Left_Ventricle,1024,yes,0.5833333333333334,0.3402777777777778,0.5833333333333334,0.4298245614035088
small,transformer,enformer-pca,Nerve_Tibial,17,yes,0.5217391304347826,0.2722117202268431,0.5217391304347826,0.3577639751552794
middle,transformer,enformer-pca,Nerve_Tibial,17,yes,0.6119402985074627,0.6173677069199457,0.6119402985074627,0.6002625760088447
small,transformer,enformer-pca,Esophagus_Mucosa,510,yes,0.5813953488372093,0.3380205516495403,0.5813953488372093,0.4274965800273598
large,transformer,enformer-pca,Heart_Left_Ventricle,510,yes,0.5813953488372093,0.3380205516495403,0.5813953488372093,0.4274965800273598
large,transformer,enformer-pca,Nerve_Tibial,1024,yes,0.5178571428571429,0.2681760204081633,0.5178571428571429,0.3533613445378151
small,transformer,enformer-pca,Nerve_Tibial,510,yes,0.4347826086956521,0.1890359168241966,0.4347826086956521,0.2635046113306983
middle,transformer,enformer-pca,Heart_Left_Ventricle,1024,yes,0.44,0.1936,0.44,0.2688888888888889
middle,transformer,enformer-pca,Esophagus_Mucosa,1024,yes,0.6153846153846154,0.378698224852071,0.6153846153846154,0.4688644688644688
large,transformer,enformer-pca,Heart_Left_Ventricle,17,yes,0.5116279069767442,0.261763115197404,0.5116279069767442,0.3463327370304114
small,transformer,enformer-pca,Nerve_Tibial,1024,yes,0.5217391304347826,0.2722117202268431,0.5217391304347826,0.3577639751552794
large,transformer,enformer-pca,Nerve_Tibial,510,yes,0.5178571428571429,0.2681760204081633,0.5178571428571429,0.3533613445378151
middle,transformer,enformer-pca,Nerve_Tibial,510,yes,0.5223880597014925,0.2728892849186901,0.5223880597014925,0.3585016095990635
large,transformer,enformer-pca,Nerve_Tibial,17,yes,0.5178571428571429,0.5225155279503105,0.5178571428571429,0.5141483516483517
middle,transformer,enformer-pca,Heart_Left_Ventricle,17,yes,0.44,0.1936,0.44,0.2688888888888889
middle,transformer,enformer-pca,Esophagus_Mucosa,510,yes,0.5769230769230769,0.3328402366863905,0.5769230769230769,0.4221388367729831
large,transformer,enformer-pca,Esophagus_Mucosa,1024,yes,0.55,0.3025,0.55,0.3903225806451613
small,transformer,enformer-pca,Esophagus_Mucosa,1024,yes,0.5581395348837209,0.3115197404002163,0.5581395348837209,0.3998611593196806
middle,transformer,enformer-pca,Heart_Left_Ventricle,510,yes,0.52,0.2704,0.52,0.3557894736842105
small,transformer,enformer-pca,Esophagus_Mucosa,17,yes,0.5348837209302325,0.2861005949161708,0.5348837209302325,0.3727977448907681
large,transformer,enformer-pca,Heart_Left_Ventricle,1024,yes,0.5813953488372093,0.3380205516495403,0.5813953488372093,0.4274965800273598
small,transformer,enformer-pca,Heart_Left_Ventricle,17,yes,0.6666666666666666,0.4444444444444444,0.6666666666666666,0.5333333333333333
small,transformer,enformer-pca,Heart_Left_Ventricle,510,yes,0.4583333333333333,0.2100694444444444,0.4583333333333333,0.2880952380952381
middle,transformer,enformer-pca,Esophagus_Mucosa,17,yes,0.5192307692307693,0.2696005917159763,0.5192307692307693,0.3549172346640701
large,transformer,enformer-pca,Esophagus_Mucosa,510,yes,0.525,0.275625,0.525,0.3614754098360656
large,transformer,enformer-pca,Esophagus_Mucosa,17,no,0.5394736842105263,0.2910318559556786,0.5394736842105263,0.3780926675663517
middle,transformer,enformer-pca,Nerve_Tibial,1024,no,0.5757575757575758,0.3314967860422406,0.5757575757575758,0.4207459207459207
small,transformer,enformer-pca,Heart_Left_Ventricle,1024,no,0.5789473684210527,0.335180055401662,0.5789473684210527,0.4245614035087719
small,transformer,enformer-pca,Nerve_Tibial,17,no,0.5094339622641509,0.2595229619081524,0.5094339622641509,0.3438679245283019
middle,transformer,enformer-pca,Nerve_Tibial,17,no,0.5757575757575758,0.3314967860422406,0.5757575757575758,0.4207459207459207
small,transformer,enformer-pca,Esophagus_Mucosa,510,no,0.574468085106383,0.3300135808057945,0.574468085106383,0.4192064404830362
large,transformer,enformer-pca,Heart_Left_Ventricle,510,no,0.4,0.16,0.4,0.2285714285714285
large,transformer,enformer-pca,Nerve_Tibial,1024,no,0.5463917525773195,0.2985439472845148,0.5463917525773195,0.3861168384879725
small,transformer,enformer-pca,Nerve_Tibial,510,no,0.5094339622641509,0.2595229619081524,0.5094339622641509,0.3438679245283019
middle,transformer,enformer-pca,Heart_Left_Ventricle,1024,no,0.5666666666666667,0.321111111111111,0.5666666666666667,0.4099290780141844
middle,transformer,enformer-pca,Esophagus_Mucosa,1024,no,0.6724137931034483,0.6681034482758621,0.6724137931034483,0.670060282893107
large,transformer,enformer-pca,Heart_Left_Ventricle,17,no,0.6,0.36,0.6,0.45
small,transformer,enformer-pca,Nerve_Tibial,1024,no,0.5094339622641509,0.2595229619081524,0.5094339622641509,0.3438679245283019
large,transformer,enformer-pca,Nerve_Tibial,510,no,0.4536082474226804,0.2057604421298756,0.4536082474226804,0.2831030196680558
middle,transformer,enformer-pca,Nerve_Tibial,510,no,0.5757575757575758,0.3314967860422406,0.5757575757575758,0.4207459207459207
large,transformer,enformer-pca,Nerve_Tibial,17,no,0.5463917525773195,0.2985439472845148,0.5463917525773195,0.3861168384879725
middle,transformer,enformer-pca,Heart_Left_Ventricle,17,no,0.5666666666666667,0.321111111111111,0.5666666666666667,0.4099290780141844
middle,transformer,enformer-pca,Esophagus_Mucosa,510,no,0.6724137931034483,0.452140309155767,0.6724137931034483,0.5407038748666904
large,transformer,enformer-pca,Esophagus_Mucosa,1024,no,0.5394736842105263,0.2910318559556786,0.5394736842105263,0.3780926675663517
small,transformer,enformer-pca,Esophagus_Mucosa,1024,no,0.574468085106383,0.3300135808057945,0.574468085106383,0.4192064404830362
middle,transformer,enformer-pca,Heart_Left_Ventricle,510,no,0.5666666666666667,0.321111111111111,0.5666666666666667,0.4099290780141844
small,transformer,enformer-pca,Esophagus_Mucosa,17,no,0.574468085106383,0.3300135808057945,0.574468085106383,0.4192064404830362
large,transformer,enformer-pca,Heart_Left_Ventricle,1024,no,0.4,0.16,0.4,0.2285714285714285
small,transformer,enformer-pca,Heart_Left_Ventricle,17,no,0.5789473684210527,0.335180055401662,0.5789473684210527,0.4245614035087719
small,transformer,enformer-pca,Heart_Left_Ventricle,510,no,0.5789473684210527,0.335180055401662,0.5789473684210527,0.4245614035087719
middle,transformer,enformer-pca,Esophagus_Mucosa,17,no,0.6724137931034483,0.452140309155767,0.6724137931034483,0.5407038748666904
large,transformer,enformer-pca,Esophagus_Mucosa,510,no,0.5394736842105263,0.2910318559556786,0.5394736842105263,0.3780926675663517
